{"blocks":[{"x":30,"y":20,"text":"","width":100,"height":40,"type":"Блок","isMenuBlock":false,"fontSize":14,"textHeight":14,"isBold":false,"isItalic":false,"textAlign":"center","labelsPosition":1},{"x":380,"y":50,"text":"start","width":100,"height":30,"type":"Начало / конец","isMenuBlock":false,"fontSize":14,"textHeight":14,"isBold":false,"isItalic":false,"textAlign":"center","labelsPosition":1},{"x":490,"y":130,"text":"Просчитать акцию","width":140,"height":40,"type":"Блок","isMenuBlock":false,"fontSize":14,"textHeight":14,"isBold":false,"isItalic":false,"textAlign":"center","labelsPosition":1},{"x":490,"y":210,"text":"запрос e-mail","width":140,"height":40,"type":"Блок","isMenuBlock":false,"fontSize":14,"textHeight":14,"isBold":false,"isItalic":false,"textAlign":"center","labelsPosition":1},{"x":960,"y":230,"text":"Проверить контрагента по ИНН","width":240,"height":40,"type":"Блок","isMenuBlock":false,"fontSize":14,"textHeight":14,"isBold":false,"isItalic":false,"textAlign":"center","labelsPosition":1},{"x":960,"y":130,"text":"Проверить паспорт руководителя","width":240,"height":40,"type":"Блок","isMenuBlock":false,"fontSize":14,"textHeight":14,"isBold":false,"isItalic":false,"textAlign":"center","labelsPosition":1},{"x":520,"y":280,"text":"ввод первичных данных \nчерез шаблон","width":200,"height":40,"type":"Блок","isMenuBlock":false,"fontSize":14,"textHeight":14,"isBold":false,"isItalic":false,"textAlign":"center","labelsPosition":1},{"x":670,"y":440,"text":"изменить процент комиссии МП","width":220,"height":40,"type":"Блок","isMenuBlock":false,"fontSize":14,"textHeight":14,"isBold":false,"isItalic":false,"textAlign":"center","labelsPosition":1},{"x":670,"y":510,"text":"изменить % комиссии\n при неучастии в акции","width":220,"height":40,"type":"Блок","isMenuBlock":false,"fontSize":14,"textHeight":14,"isBold":false,"isItalic":false,"textAlign":"center","labelsPosition":1},{"x":670,"y":360,"text":"обновить данные в таблице","width":220,"height":40,"type":"Блок","isMenuBlock":false,"fontSize":14,"textHeight":14,"isBold":false,"isItalic":false,"textAlign":"center","labelsPosition":1},{"x":670,"y":580,"text":"изменить % комиссии\n при участии в акции","width":220,"height":40,"type":"Блок","isMenuBlock":false,"fontSize":14,"textHeight":14,"isBold":false,"isItalic":false,"textAlign":"center","labelsPosition":1},{"x":1280,"y":130,"text":"БД МВД через API","width":200,"height":40,"type":"Блок","isMenuBlock":false,"fontSize":14,"textHeight":14,"isBold":false,"isItalic":false,"textAlign":"center","labelsPosition":1},{"x":1280,"y":230,"text":"БД Налоговой через API","width":200,"height":40,"type":"Блок","isMenuBlock":false,"fontSize":14,"textHeight":14,"isBold":false,"isItalic":false,"textAlign":"center","labelsPosition":1}],"arrows":[{"startIndex":6,"endIndex":9,"startConnectorIndex":2,"endConnectorIndex":3,"nodes":[{"x":520,"y":300},{"x":520,"y":360},{"x":540,"y":360},{"x":560,"y":360}],"counts":[1,1,1,1]},{"startIndex":6,"endIndex":7,"startConnectorIndex":2,"endConnectorIndex":3,"nodes":[{"x":520,"y":300},{"x":520,"y":440},{"x":540,"y":440},{"x":560,"y":440}],"counts":[1,1,1,1]},{"startIndex":6,"endIndex":8,"startConnectorIndex":2,"endConnectorIndex":3,"nodes":[{"x":520,"y":300},{"x":520,"y":510},{"x":540,"y":510},{"x":560,"y":510}],"counts":[1,1,1,1]},{"startIndex":6,"endIndex":10,"startConnectorIndex":2,"endConnectorIndex":3,"nodes":[{"x":520,"y":300},{"x":520,"y":580},{"x":540,"y":580},{"x":560,"y":580}],"counts":[1,1,1,1]},{"startIndex":9,"endIndex":6,"startConnectorIndex":1,"endConnectorIndex":1,"nodes":[{"x":780,"y":360},{"x":800,"y":360},{"x":800,"y":280},{"x":640,"y":280},{"x":620,"y":280}],"counts":[1,1,1,1,1]},{"startIndex":7,"endIndex":6,"startConnectorIndex":1,"endConnectorIndex":1,"nodes":[{"x":780,"y":440},{"x":800,"y":440},{"x":800,"y":280},{"x":640,"y":280},{"x":620,"y":280}],"counts":[1,1,1,1,1]},{"startIndex":8,"endIndex":6,"startConnectorIndex":1,"endConnectorIndex":1,"nodes":[{"x":780,"y":510},{"x":800,"y":510},{"x":800,"y":280},{"x":640,"y":280},{"x":620,"y":280}],"counts":[1,1,1,1,1]},{"startIndex":10,"endIndex":6,"startConnectorIndex":1,"endConnectorIndex":1,"nodes":[{"x":780,"y":580},{"x":800,"y":580},{"x":800,"y":280},{"x":640,"y":280},{"x":620,"y":280}],"counts":[1,1,1,1,1]},{"startIndex":5,"endIndex":11,"startConnectorIndex":1,"endConnectorIndex":3,"nodes":[{"x":1080,"y":130},{"x":1160,"y":130},{"x":1180,"y":130}],"counts":[1,1,1]},{"startIndex":4,"endIndex":12,"startConnectorIndex":1,"endConnectorIndex":3,"nodes":[{"x":1080,"y":230},{"x":1160,"y":230},{"x":1180,"y":230}],"counts":[1,1,1]},{"startIndex":1,"endIndex":2,"startConnectorIndex":2,"endConnectorIndex":3,"nodes":[{"x":380,"y":65},{"x":380,"y":130},{"x":400,"y":130},{"x":420,"y":130}],"counts":[1,1,1,1]},{"startIndex":1,"endIndex":5,"startConnectorIndex":2,"endConnectorIndex":0,"nodes":[{"x":380,"y":65},{"x":380,"y":100},{"x":960,"y":100},{"x":960,"y":110}],"counts":[1,1,1,1]},{"startIndex":2,"endIndex":3,"startConnectorIndex":2,"endConnectorIndex":0,"nodes":[{"x":490,"y":150},{"x":490,"y":170},{"x":490,"y":190}],"counts":[1,1,1]},{"startIndex":3,"endIndex":6,"startConnectorIndex":2,"endConnectorIndex":0,"nodes":[{"x":490,"y":230},{"x":490,"y":250},{"x":520,"y":250},{"x":520,"y":260}],"counts":[1,1,1,1]},{"startIndex":1,"endIndex":4,"startConnectorIndex":2,"endConnectorIndex":3,"nodes":[{"x":380,"y":65},{"x":380,"y":100},{"x":820,"y":100},{"x":820,"y":230},{"x":840,"y":230}],"counts":[1,1,1,1,1]}],"x0":0,"y0":0}